username,display_name,bio,category,followers,likes,comments,shares
style_by_anu,Anu Sharma,Fashion stylist sharing affordable clothing ideas and seasonal style guides,fashion,150000,12000,800,500
couture_kavya,Kavya Rao,Fashion designer creating sustainable Indian clothing and styling tutorials,fashion,235000,17200,1150,760
minimal_mira,Mira Kapoor,Minimal fashion creator featuring capsule wardrobes and ethical brands,fashion,98000,9400,620,360
streetstyle_adi,Aditya Sen,Street fashion photographer covering sneakers trends and urban outfits,fashion,186000,13800,910,580
foodie_raju,Raj Verma,Food reviewer exploring restaurants recipes and regional Indian cuisine,food,90000,8500,620,300
spicewithsana,Sana Khan,Food creator sharing quick recipes baking tips and home cooking stories,food,182000,15400,1300,840
platebypriya,Priya Iyer,Vegetarian food blogger discovering local dishes and healthy recipes,food,128000,11600,940,510
chef_vikram,Vikram Singh,Chef and food educator teaching restaurant techniques for home kitchens,food,210000,14800,1050,630
travel_sneha,Sneha Joshi,Travel photographer exploring India through culture landscapes and local people,travel,210000,18000,1200,750
roamwithrohan,Rohan Das,Budget travel guide sharing itineraries hostels and responsible tourism tips,travel,265000,19500,1420,910
trails_by_tara,Tara Menon,Adventure travel storyteller focused on trekking wildlife and hidden destinations,travel,142000,13200,880,590
weekend_nomad,Arjun Nair,Weekend travel plans road trips and practical destination guides for busy people,travel,118000,9800,710,420
tech_arun,Arun Mehta,Technology reviewer testing gadgets smartphones apps and consumer electronics,technology,175000,14000,900,600
bytewithneha,Neha Kulkarni,Technology educator explaining artificial intelligence coding and useful digital tools,technology,220000,18000,1100,700
dev_darshan,Darshan Patel,Software developer sharing technology tutorials open source projects and career advice,technology,98000,9500,600,350
gadget_gita,Gita Roy,Accessible technology reviews covering laptops wearables and smart home products,technology,154000,12600,820,490
fitness_megha,Megha Bhat,Fitness trainer sharing strength workouts mobility drills and healthy habits,fitness,125000,11000,750,400
move_with_maya,Maya Pillai,Fitness coach teaching beginner workouts yoga recovery and sustainable routines,fitness,198000,16700,1210,690
coach_kabir,Kabir Malhotra,Fitness educator focused on running nutrition and evidence based training,fitness,164000,13900,980,560
daily_strength,Devika Shah,Home fitness programs bodyweight exercises and simple wellness guidance,fitness,87000,8100,540,310
glow_by_isha,Isha Jain,Beauty creator reviewing skincare makeup and everyday self care routines,beauty,205000,16900,1180,720
skinnotes_nina,Nina Thomas,Beauty educator explaining skincare ingredients inclusive makeup and product safety,beauty,156000,14300,1020,610
makeup_mansi,Mansi Gupta,Creative beauty artist sharing makeup tutorials color ideas and festival looks,beauty,244000,18800,1340,860
calm_and_glow,Ayesha Ali,Minimal beauty routines mindful self care and honest cosmetic reviews,beauty,112000,10100,690,380
